Proposal ID,Programme Name,Lead Applicant,Research Body,Title of Research,Start Date,End Date,Revised Total Commitment (including overhead)
15/CDA/3451,SFI Career Development Award,Angela Feechan,University College Dublin (UCD),ReWIZ: Re-establishing Wheat Immunity to Zymoseptoria tritici,12/09/2017,11/09/2021,"523,698"
15/SIRG/3324,SFI Starting Investigator Research Grant (SIRG),Lorna Lopez,Trinity College Dublin (TCD),Discovery to clinical utility of rare mutations by whole genome sequencing in neurodevelopmental disorders,01/08/2017,31/07/2021,"511,997"
15/IFB/3626,SFI Industry Fellowship,Tandra Ghoshal,University College Cork (UCC),Innovative protocol for the development of nanoporous/nanostructured materials patterning using block copolymer lithography for advanced optoelectronic thermal management,01/04/2017,31/03/2018,"82,521"
15/SIRG/3538,SFI Starting Investigator Research Grant (SIRG),Antonio Benedetto,University College Dublin (UCD),Breathing Life into Room-Temperature Ionic Liquids: a Comprehensive Experimental and Computational Study of their Interaction with Biomolecules,01/01/2017,31/12/2020,"499,376"
15/IA/3024 EPA(N),SFI Investigator Programme,Brian Donlon,Environmental Protection Agency (EPA),Developing geochronology by LA-ICPMS imaging: applications of U-Pb calcite dating in raw materials research,01/12/2016,30/11/2021,"-215,973"
15/IA/3024 GSI(N),SFI Investigator Programme,Koen Verbruggen,Geological Survey of Ireland,Developing geochronology by LA-ICPMS imaging: applications of U-Pb calcite dating in raw materials research,01/12/2016,30/11/2021,"-215,973"
15/SIRG/3293,SFI Starting Investigator Research Grant (SIRG),Klaas-Jan Stol,University of Limerick (UL),Software Development with Alternative Workforces,01/12/2016,30/11/2020,"463,314"
15/SIRG/3501,SFI Starting Investigator Research Grant (SIRG),Liliana Pasquale,University College Dublin (UCD),Forensic Investigations for Cyber-Physical Incidents,01/12/2016,30/11/2020,"489,139"
15/CDA/3629,SFI Career Development Award,Dimitrios Zeugolis,"National University of Ireland, Galway (NUIG)",Tissue Engineered Nanoassemblies – Advanced Biomimicry of Living Equivalents (Short Title: TENABLE),01/12/2016,30/11/2020,"493,759"
15/CDA/3598,SFI Career Development Award,Gabriel Leen,University of Limerick (UL),Optical Fibre based sensors,01/12/2016,30/11/2020,"504,825"
15/SIRG/3569,SFI Starting Investigator Research Grant (SIRG),Santosh Kulkarni,Tyndall National Institute (TNI),Advanced Power Magnetics Programme for High Efficiency Power Supplies,01/12/2016,30/11/2020,"508,011"
15/SIRG/3552,SFI Starting Investigator Research Grant (SIRG),Ahmad B. Albadarin,University of Limerick (UL),Natural matErials for Advanced Therapeutics (NEAT): Biomaterial Derived Excipients for Improved Bioavailability,01/12/2016,30/11/2020,"509,184"
15/SIRG/3456,SFI Starting Investigator Research Grant (SIRG),Aideen Ryan,"National University of Ireland, Galway (NUIG)",RESTRAIN' Investigation of tumour stromal interactions in metastatic colon cancer for the identification of novel immuno-therapeutic targets,01/12/2016,30/11/2020,"518,821"
15/SIRG/3482,SFI Starting Investigator Research Grant (SIRG),Naomi Walsh,Dublin City University (DCU),Functional application of genomic variants to deliver personalized strategies for pancreatic cancer patients,01/12/2016,30/11/2020,"519,712"
16/ERCD/3685,SFI ERC Development Programme,Stephen Dooley,Trinity College Dublin (TCD),Synthesis and Purification of Hydroperoxides from Liquid Fuels and Demonstration of their Ability to Extend Low Temperature and Lean Combustion Limits in Reciprocating Engines,01/12/2016,30/11/2018,"529,168"
15/CDA/3640,SFI Career Development Award,Prince Anandarajah,Dublin City University (DCU),PROgrammable multicarrier Transmitter for flexible Optical Networks (PROTON),01/12/2016,30/11/2020,"583,138"
15/CDA/3472,SFI Career Development Award,Tristan McLoughlin,Trinity College Dublin (TCD),Exact Methods in Strongly Coupled Systems,01/12/2016,30/11/2020,"620,974"
15/CDA/3490,SFI Career Development Award,Eoin Cummins,University College Dublin (UCD),Carbon dioxide as a regulator of inflammatory signaling.,01/12/2016,30/11/2020,"628,349"
15/CDA/3625,SFI Career Development Award,Eoghan McGarrigle,University College Dublin (UCD),Underpinning Automated Oligosaccharide Synthesis,01/12/2016,30/11/2020,"636,595"
15/CDA/3476,SFI Career Development Award,Conor Buckley,Trinity College Dublin (TCD),Intraoperative Single Stage Procedure for Intervertebral Disc Regeneration (INSPIRE),01/12/2016,30/11/2020,"637,894"
15/CDA/3497,SFI Career Development Award,Sarah Doyle,Trinity College Dublin (TCD),Investigating the molecular mechanisms underlying Interleukin-1 family regulation of vascular integrity in the eye to identify next generation therapeutics for AMD.,01/12/2016,30/11/2020,"638,309"
15/CDA/3498,SFI Career Development Award,Gerard O'Keeffe,University College Cork (UCC),Development of GDF5 neurotrophic factor therapy for Parkinson’s disease.,01/12/2016,30/11/2020,"639,453"
15/CDA/3648,SFI Career Development Award,Andrew Kellett,Dublin City University (DCU),Polynuclear Platinum(II) Biomaterials (PPtBio) for Antisense Therapeutic Application and Detection of Human Genetic Disease,01/12/2016,30/11/2020,"642,150"
15/IA/3024,SFI Investigator Programme,David Chew,Trinity College Dublin (TCD),Developing geochronology by LA-ICPMS imaging: applications of U-Pb calcite dating in raw materials research,01/12/2016,30/11/2021,"647,921"
15/CDA/3652,SFI Career Development Award,Jian Zhao,Tyndall National Institute (TNI),Technologies towards Flexible High-Capacity Optical Networks,01/12/2016,30/11/2020,"877,013"
15/IA/2984,SFI Investigator Programme,Aoife Gowen,University College Dublin (UCD),Multi-scale hyperspectral imaging for enhanced understanding and control of food microbiology (HyperMicroMacro),01/12/2016,30/11/2021,"1,548,873"
15/SIRG/3423,SFI Starting Investigator Research Grant (SIRG),Yan Yan,University College Dublin (UCD),Defining the dynamic interface between nanoparticles and immune system,18/11/2016,17/11/2020,"517,342"
16/ERCS/4364,SFI ERC Support Programme,Dean of Research (TCD),Trinity College Dublin (TCD),SFI ERC Support Programme - Jonathan Coleman (Trinity College Dublin),01/11/2016,31/10/2021,"150,000"
16/ERCD/4303,SFI ERC Development Programme,Javier Fullea,Dublin Institute for Advanced Studies (DIAS),iTHERC: An integrated geophysical-petrological THERmoChemical model of Ireland’s and North Atlantic crust and lithospheric mantle,01/11/2016,31/10/2018,"509,099"
15/SIRG/3508(T),SFI Starting Investigator Research Grant (SIRG),Jianghui Meng,Dublin City University (DCU),Unravelling the role of SNARE proteins in pruritus (itch) and developing novel SNARE-targeting biotherapeutics for treating chronic itch,01/11/2016,31/10/2020,"519,441"
15/SIRG/3426,SFI Starting Investigator Research Grant (SIRG),Stephen Lalor,Trinity College Dublin (TCD),The role of the respiratory microbiome in licensing pathogenic Th17 cells to access the CNS and mediate inflammatory demyelination,01/11/2016,31/10/2020,"519,739"
15/CDA/3667,SFI Career Development Award,Bryan Hennelly,"National University of Ireland, Maynooth (NUIM)",Automated Raman micro-spectroscopy and automated holographic Raman tweezers for high throughput screening of carcinoma cells,01/11/2016,31/10/2020,"601,611"
16/ERCD/3797,SFI ERC Development Programme,Robert Whelan,Trinity College Dublin (TCD),"The Neurobiology of Voluntary Nicotine Abstinence: Genetics, Environment and Neurocognitive Endophenotypes",01/11/2016,31/10/2018,"608,419"
15/CDA/3499,SFI Career Development Award,Roger Preston,Royal College of Surgeons in Ireland (RCSI),Structure-based engineering of activated protein C to optimize its therapeutic potential for the treatment of inflammatory diseases,01/11/2016,31/10/2020,"638,694"
15/IA/3008,SFI Investigator Programme,Eoin Casey,University College Dublin (UCD),Interactions between bacterial biofilms and nanoparticles: a focus on the EPS matrix,01/11/2016,31/10/2020,"1,176,703"
15/IA/2880,SFI Investigator Programme,Tom Ray,Dublin Institute for Advanced Studies (DIAS),Building the Next Generation MKID Camera,01/11/2016,31/10/2020,"1,600,200"
16/CW/3995,SFI Conference and Workshop,Denis Shields,University College Dublin (UCD),7th Annual Computational and Molecular Biology PhD Symposium,01/10/2016,31/03/2017,"2,936"
15/IFB/3519,SFI Industry Fellowship,Sivaramakrishnan Ramadurai,Dublin City University (DCU),Influence of formulation on Bisphosphonate lipid membrane interactions investigated on MemSense Platform,01/10/2016,30/09/2017,"76,782"
14/IFB/2718(T),SFI Industry Fellowship,Maria Chiara Leva,Dublin Institute of Technology (DIT),The Development of an Integrated Risk Register for Process Safety Performance Improvement: a Participatory Trial,01/10/2016,31/10/2017,"103,792"
15/SIRG/3283,SFI Starting Investigator Research Grant (SIRG),Kevin McGuinness,Dublin City University (DCU),Large scale semi-supervised deep learning for computer vision,01/10/2016,30/09/2020,"456,875"
15/SIRG/3577,SFI Starting Investigator Research Grant (SIRG),Matteo Lusi,University of Limerick (UL),Crystal Engineering of Solid-Solutions for Tunable Drugs,01/10/2016,30/09/2020,"485,530"
15/SIRG/3329,SFI Starting Investigator Research Grant (SIRG),Niall McEvoy,Trinity College Dublin (TCD),Synthesis and Characterisation of 2D-Material Heterostacks,01/10/2016,30/09/2020,"503,335"
15/SIRG/3517,SFI Starting Investigator Research Grant (SIRG),James Walsh,Dublin City University (DCU),CARBCAP: Organocatalytic CO2 reduction on high surface-area electrodes.,01/10/2016,30/09/2020,"503,478"
15/CDA/3520,SFI Career Development Award,Brian Mac Namee,University College Dublin (UCD),DeepNovelty: Using Deep Recurrent Neural Networks for Novelty Detection in Data Streams,01/10/2016,30/09/2020,"507,512"
15/SIRG/3473,SFI Starting Investigator Research Grant (SIRG),Emily Hams,Trinity College Dublin (TCD),Defining the role of RORα in immunometabolism,01/10/2016,30/09/2020,"517,213"
15/SIRG/3543,SFI Starting Investigator Research Grant (SIRG),Laura Russo,"National University of Ireland, Galway (NUIG)",Glyco-functionalised Hydrogel for Intervertebral Disc Tissue Repair,01/10/2016,30/09/2020,"518,749"
15/SIRG/3430,SFI Starting Investigator Research Grant (SIRG),Jennifer Mahony,University College Cork (UCC),Phage-host interactome of the dairy bacterium Streptococcus thermophilus (PHIST),01/10/2016,30/09/2020,"519,492"
15/CDA/3591,SFI Career Development Award,Simon Kelly,University College Dublin (UCD),Neural mechanisms of rapid value-guided sensorimotor decisions in humans,01/10/2016,30/09/2020,"605,120"
15/CDA/3630,SFI Career Development Award,Mark Tangney,University College Cork (UCC),Edible Probiotics As Cancer Theranostics,01/10/2016,30/09/2020,"605,767"
15/CDA/3323,SFI Career Development Award,Michael Walsh,University of Limerick (UL),"Targeting the temporal gradient of wall shear stress as the key mediator of vascular tissue response to implanted medical devices using in silico, in vitro and in vivo approaches",01/10/2016,30/09/2020,"612,735"
15/CDA/3310,SFI Career Development Award,Eoin Scanlan,Trinity College Dublin (TCD),A Novel Ligation Methodology for the Chemical Synthesis of Therapeutic Proteins,01/10/2016,30/09/2020,"632,078"
15/CDA/3438,SFI Career Development Award,Darran O'Connor,Royal College of Surgeons in Ireland (RCSI),HER CHOICE: Development of a prototype decision support tool for HER2+ breast cancer,01/10/2016,30/09/2020,"647,925"
15/IA/3023,SFI Investigator Programme,Martin Ulrich Hegner,Trinity College Dublin (TCD),Nanomechanical detection of noncoding RNA for diagnosis in biological fluids,01/10/2016,30/09/2020,"1,276,291"
15/IA/3131,SFI Investigator Programme,Georg Duesberg,Trinity College Dublin (TCD),Investigating Emerging 2D Semiconductor Technology,01/10/2016,30/09/2020,"1,877,163"
15/IA/3015,SFI Investigator Programme,Martyn Pemble,Tyndall National Institute (TNI),"Design, Deposition and Exploitation of Novel Micro and Nano-scale Materials and Devices for Advanced Manufacturing- DEPO-Man",01/10/2016,30/09/2020,"1,938,557"
16/ERCS/4362,SFI ERC Support Programme,Dean of Research (TCD),Trinity College Dublin (TCD),SFI ERC Support Programme-Aidan McDonald (Trinity College Dublin),15/09/2016,14/09/2021,"150,000"
15/IA/3100 MI(N),SFI Investigator Programme,John Evans,Marine Institute,Exploiting and conserving deep-sea genetic resources,01/09/2016,31/08/2021,"-970,075"
15/TIDA/2822(T),SFI Technology and Innovation Development Award (TIDA),Roger Preston,Royal College of Surgeons in Ireland (RCSI),A novel neuroprotective agent for enhanced treatment of ischemic stroke,01/09/2016,31/08/2017,"68,408"
15/IFB/3604,SFI Industry Fellowship,Richard Doyle,Tyndall National Institute (TNI),Processing Technologies and Novel Materials for Electrochemical Sensor Developments based on Semiconductor Manufacturing and Integration,01/09/2016,31/08/2017,"84,257"
13/SIRG/2185(T),SFI Starting Investigator Research Grant (SIRG),Stephen Dooley,Trinity College Dublin (TCD),Realistic Reaction Kinetics Models for the Production of Platform Chemicals and Designer Fuels from Biomass,01/09/2016,31/08/2018,"390,425"
15/SIRG/3314,SFI Starting Investigator Research Grant (SIRG),Nuala Mai Caffrey,Trinity College Dublin (TCD),Between the Sheets - Atomic and Molecular Intercalation in Two Dimensional Layered Materials from First Principles,01/09/2016,31/08/2020,"453,766"
15/IA/2881,SFI Investigator Programme,Jonathan Yearsley,University College Dublin (UCD),"Biodiversity, resilience and food security: understanding the role of biodiversity in maintaining food production",01/09/2016,31/08/2020,"568,131"
16/ERCD/3854,SFI ERC Development Programme,Orla Hardiman,Trinity College Dublin (TCD),Deciphering ALS Heterogeneity: A Precision Medicine Approach to Network Based Biomarker Development,01/09/2016,31/08/2018,"610,640"
15/IA/3046,SFI Investigator Programme,Sylvia Draper,Trinity College Dublin (TCD),Targeting Synthetic and Material Advances in the Activity and Function of Light-emitting Molecular Complexes: New Platform Technologies Based on Polyaromatic Ligands,01/09/2016,31/08/2021,"1,356,177"
15/IA/3180,SFI Investigator Programme,Cian O'Mathuna,Tyndall National Institute (TNI),Advanced Integrated Power Magnetics Technology- From Atoms to Systems,01/09/2016,31/08/2020,"1,483,783"
15/IA/3082,SFI Investigator Programme,Eoin O'Reilly,Tyndall National Institute (TNI),Multiscale Simulation and Analysis of emerging Group IV and III-V Semiconductor Materials and Devices,01/09/2016,31/08/2020,"1,605,610"
15/IA/3177,SFI Investigator Programme,Henry Curran,"National University of Ireland, Galway (NUIG)",Combustion Chemistry for Sustainable Fuel Utilization,01/09/2016,31/08/2021,"1,714,058"
15/IA/3074,SFI Investigator Programme,Federico Milano,University College Dublin (UCD),Advanced Modelling for Power System Analysis and Simulation,01/09/2016,31/08/2021,"1,744,155"
15/IA/3160,SFI Investigator Programme,Stephen Fahy,Tyndall National Institute (TNI),Thermoelectric efficiency of IV-VI and V2-VI3 materials driven near phase transitions,01/09/2016,31/08/2020,"1,750,383"
15/IA/3052,SFI Investigator Programme,Marina Lynch,Trinity College Dublin (TCD),Targeting glial plasticity to alleviate age-related loss of neuronal function in Alzheimer’s disease,01/09/2016,31/08/2020,"1,786,484"
15/IA/3154,SFI Investigator Programme,David MacHugh,University College Dublin (UCD),Development of Next-Generation Control Tools for Bovine Tuberculosis: A One Health Approach,01/09/2016,31/08/2021,"1,849,519"
15/IA/3100,SFI Investigator Programme,Louise Allcock,"National University of Ireland, Galway (NUIG)",Exploiting and conserving deep-sea genetic resources,01/09/2016,31/08/2021,"1,940,150"
15/IA/3041,SFI Investigator Programme,Rachel McLoughlin,Trinity College Dublin (TCD),Profiling ‘immune signatures’ predictive of outcome in Staphylococcus aureus infection: Advancing next generation vaccine design,01/09/2016,31/08/2021,"2,192,331"
15/IA/3090,SFI Investigator Programme,Christopher Brunsdon,"National University of Ireland, Maynooth (NUIM)",Building city dashboards: Addressing fundamental and applied problems,01/09/2016,31/08/2020,"2,352,670"
15/IA/3104,SFI Investigator Programme,William Gallagher,University College Dublin (UCD),"Optimal Management of Gender-­Specific Cancers via Efficient Use of Protein Profiling, Digital Pathology and Systems Medicine Tools (OPTi-­PREDICT)",01/09/2016,31/08/2020,"2,510,941"
15/RP/2828,SFI Research Professorship Programme,Stefan Andersson-Engels,Tyndall National Institute (TNI),Novel applications and techniques for in vivo optical imaging and spectroscopy,01/09/2016,31/08/2021,"6,060,188"
15/RP/2773,SFI Research Professorship Programme,Paul Weaver,University of Limerick (UL),Spatially and Temporally VARIable COMPosite Structures (VARICOMP),01/09/2016,31/08/2021,"6,159,304"
16/CW/4128,SFI Conference and Workshop,Jonathan Bones,The National Institute for Bioprocessing Research and Training (NIBRT),BioPharma Ambition,15/08/2016,14/09/2016,"7,000"
13/SIRG/2130s(T),SFI Maternity Allowance,Annie Curtis,Royal College of Surgeons in Ireland (RCSI),A New Dimension to the Immune Response: Biological Molecular Clocks Controlling Inflammation.,15/08/2016,14/05/2017,"29,018"
13/SIRG/2130(T),SFI Starting Investigator Research Grant (SIRG),Annie Curtis,Royal College of Surgeons in Ireland (RCSI),A New Dimension to the Immune Response: Biological Molecular Clocks Controlling Inflammation.,15/08/2016,14/03/2019,"296,656"
15/IA/3152,SFI Investigator Programme,Catherine Godson,University College Dublin (UCD),Discovery of an integrated risk profile for chronic kidney disease and development of a clinical biomarker panel for personalising medicine,02/08/2016,01/08/2021,"1,171,485"
15/IA/3028 MI(N),SFI Investigator Programme,John Evans,Marine Institute,Wild farmed interactions in a changing world: formulation of a predictive methodology to inform environmental best practice to secure long-term sustainability of global wild and farm fish populations,01/08/2016,31/07/2021,"-854,794"
12/IA/1255s2,NSF/SFI Graduate Research Opportunities Worldwide (GROW) Programme,Martin Caffrey,Trinity College Dublin (TCD),Membrane Structural and Functional Biology. Tackling communicable and non-communicable diseases at the membrane level,01/08/2016,31/07/2017,"6,800"
16/CW/4323,SFI Conference and Workshop,Fiona Regan,Dublin City University (DCU),DPCM 2016 - IWA the international water association IWA Regional Conference on Diffuse Pollution and Catchment Management,01/08/2016,31/01/2017,"10,800"
16/CW/4056,SFI Conference and Workshop,Douwe van Sinderen,University College Cork (UCC),PropioBifido2016: 4th International Symposium on Propionibacteria and Bifidobacteria,01/08/2016,30/11/2016,"11,100"
16/ERCS/3904,SFI ERC Support Programme,VP Research (UCC),University College Cork (UCC),SFI ERC Support Programme – Maria McNamara (University College Cork),01/08/2016,31/07/2021,"272,473"
15/IA/3136,SFI Investigator Programme,Timothy O'Brien,"National University of Ireland, Galway (NUIG)",Combinational Cell Therapy for Diabetes-related Critical Limb Ischaemia,01/08/2016,31/07/2020,"739,074"
15/IA/3028,SFI Investigator Programme,Philip McGinnity,University College Cork (UCC),Wild farmed interactions in a changing world: formulation of a predictive methodology to inform environmental best practice to secure long-term sustainability of global wild and farm fish populations,01/08/2016,31/07/2021,"1,709,586"
16/FELLOWSHIP/1025,SFI Fellowship Programme,Orla Feely,University College Dublin (UCD),SFI Fellowship,04/07/2016,03/07/2019,"325,662"
16/CW/3951,SFI Conference and Workshop,Tobias Engel,Royal College of Surgeons in Ireland (RCSI),Neuroscience Ireland Young Investigator Workshop,01/07/2016,31/08/2016,"2,700"
16/CW/3956,SFI Conference and Workshop,Louise Kenny,University College Cork (UCC),"INFANT Research Workshop: "" Better Outcomes for Maternal, Fetal and Infant Health""",01/07/2016,31/08/2016,"3,000"
16/CW/3942,SFI Conference and Workshop,Vladimir Dotsenko,Trinity College Dublin (TCD),12th William Rowan Hamilton Geometry and Topology Workshop,01/07/2016,31/12/2016,"5,000"
14/TIDA/2486 TIDA Training 2015,SFI Technology and Innovation Development Award (TIDA) - Training Award,Eric Moore,Tyndall National Institute (TNI),Development of a minimally invasive smart impedance probe for detection of malignant and non-malignant breast masses,01/07/2016,30/06/2017,"5,500"
16/CW/4010,SFI Conference and Workshop,Martin Leahy,"National University of Ireland, Galway (NUIG)","International Conference on Advanced Laser Technologies (ALT'16), Galway, Ireland",01/07/2016,30/09/2016,"6,100"
16/CW/3946,SFI Conference and Workshop,Elizabeth Brint,University College Cork (UCC),"Inaugural joint annual meeting of the Irish Society of Immunology and the Microbiological Society ( Irish Division). ""Exploring the microbe immune system imterface""",01/07/2016,31/08/2016,"8,510"
DPOF16/004,SFI Discover,Cepa Giblin,Crossing the Line Productions Limited,Rocketeers,01/07/2016,30/06/2017,"11,750"
15/CW/3333,SFI Conference and Workshop,Jeremy D. Glennon,University College Cork (UCC),31st International Symposium on Chromatography (ISC2016),01/07/2016,30/09/2016,"25,000"
DPOF16/003,SFI Discover,Darren Smith,Kite Entertainment,Brain Freeze 3,01/07/2016,30/06/2017,"60,000"
14/IFB/2719,SFI Industry Fellowship,Nan Zhang,University College Dublin (UCD),Development of cost-effective microfluidic flow cytometer using microinjection molding,01/07/2016,30/06/2017,"72,922"
15/US/B3234,SFI US Ireland R&D Partnership,Debra Laefer,University College Dublin (UCD),AMASS: Advanced Manufacturing and Assembly of Steel Structures planning grant,01/07/2016,30/06/2019,"435,063"
15/IA/3026,SFI Investigator Programme,Oliver Dolly,Dublin City University (DCU),Delineating the exocytotic proteins (SNAREs) underlying sensitisation of nociceptor sub-sets in chronic pain : engineering botulinum neurotoxins as improved versatile analgesics,01/07/2016,30/06/2021,"2,775,948"
13/RP/B2549s,SFI Maternity Allowance,Michael Zaworotko,University of Limerick (UL),Crystal Engineering of Task-Specific Materials,29/06/2016,28/12/2016,"25,611"
15/IFB/3601,SFI Industry Fellowship,Therese Holton,University College Dublin (UCD),"A centralised food database integrating ingredients, health outcomes and molecular data to address the consumer, academic and commercial need for reliable information in relation to food and health associations.",20/06/2016,19/06/2017,"73,247"
15/CW/3653,SFI Conference and Workshop,Thomas Brendan Murphy,University College Dublin (UCD),39th Research Students Conference in Probability and Statistics,01/06/2016,30/11/2016,"1,424"
16/CW/3805,SFI Conference and Workshop,Gerald Barry,University College Dublin (UCD),UCD squared - Connected One Health,01/06/2016,30/11/2016,"1,616"
15/CW/3343,SFI Conference and Workshop,Niall Holmes,Dublin Institute of Technology (DIT),Civil Engineering Research in Ireland 2016,01/06/2016,30/11/2016,"3,000"
15/IFB/3590,SFI Industry Fellowship,Vincent Wade,Trinity College Dublin (TCD),Personalisation and Assessment in the Classroom,01/06/2016,31/05/2017,"3,887"
DP16/SW/012,SFI Discover,Catriona Boyle,Teagasc,Teagasc - Festival of Food and Farming,01/06/2016,31/12/2016,"4,443"
16/CW/3786,SFI Conference and Workshop,Chandralal Hewage,University College Dublin (UCD),ICMRBS 2018,01/06/2016,30/11/2016,"4,950"
15/CW/3279,SFI Conference and Workshop,Kevin Sullivan,"National University of Ireland, Galway (NUIG)",Chromosome Segregation and Aneuploidy,01/06/2016,30/11/2016,"5,000"
16/CW/3801,SFI Conference and Workshop,Peter Thorne,"National University of Ireland, Maynooth (NUIM)",9th ACRE Workshop and Historical Weather and Climate Data Forum,01/06/2016,31/05/2017,"5,000"
16/CW/3816,SFI Conference and Workshop,Fionnuala Ní Áinle,University College Dublin (UCD),Venous Thromboembolism (VTE) Dublin 2016,01/06/2016,30/11/2016,"5,000"
16/CW/3791,SFI Conference and Workshop,Owen Conlan,Trinity College Dublin (TCD),Open Repositories 2016,01/06/2016,30/11/2016,"6,210"
16/CW/3794,SFI Conference and Workshop,Conor O'Mahony,Tyndall National Institute (TNI),27th Micromechanics and Microsystems Europe Workshop (MME 2016),01/06/2016,31/08/2016,"8,000"
16/CW/3800,SFI Conference and Workshop,Daniela Tropea,Trinity College Dublin (TCD),Biology of Brain Disorders,01/06/2016,30/11/2016,"8,400"
15/IFB/3621,SFI Industry Fellowship,Mark McCormack,Royal College of Surgeons in Ireland (RCSI),Validation of genetic markers for epilepsy drug response phenotypes in an electronic health record system,01/06/2016,31/03/2017,"11,960"
16/CW/3808,SFI Conference and Workshop,Grainne Kirwan,"Dun Laoghaire Institute of Art, Design & Technology (IADT)","21st Annual CyberPsychology, CyberTherapy & Social Networking Conference (CYPSY21)",01/06/2016,30/11/2016,"16,000"
DP16/SW/005,SFI Discover,Pat McHale,Mayo County Council t/a Mayo Science & Technology Festival,Mayo Science Festival,01/06/2016,31/12/2016,"16,000"
DP16/SW/002,SFI Discover,Jeremy Bird,Institute of Technology Sligo (ITS),Sligo Science Festival,01/06/2016,31/12/2016,"17,125"
15/IFB/3578,SFI Industry Fellowship,Niall Hyland,University College Cork (UCC),Validation of Intestinal Tryptophan Metabolism as a Therapeutic Target in Obesity and Insulin Resistance,01/06/2016,31/12/2016,"18,389"
DP16/SW/001,SFI Discover,Tom Hyland,Galway Science & Technology Forum,Galway Science Festival,01/06/2016,31/12/2016,"20,000"
DP16/SW/011,SFI Discover,Bernie Quilligan,University of Limerick (UL),Limerick Science Festival,01/06/2016,31/12/2016,"25,440"
DP16/SW/003,SFI Discover,Noel Mulligan,"Institute of Technology, Tralee (ITT)",Kerry Science Festival,01/06/2016,31/12/2016,"31,750"
DP16/SW/006,SFI Discover,Jackie Gorman,Atlantic Corridor,Midlands Science Festival,01/06/2016,31/12/2016,"33,000"
DP16/SW/007,SFI Discover,Deirdriu McQuaid,Monaghan County Council,Monaghan Science Festival,01/06/2016,31/12/2016,"35,000"
DP16/SW/010,SFI Discover,Sheila Donegan,Waterford Institute of Technology (WIT),Waterford Science Festival,01/06/2016,31/12/2016,"35,000"
DP16/SW/014,SFI Discover,Mervyn Horgan,Glenosheen Limited,Cork Science Festival,01/06/2016,31/12/2016,"35,000"
15/IFB/3612,SFI Industry Fellowship,Sebastian Vencken,Royal College of Surgeons in Ireland (RCSI),Development and optimisation of an extracellular microRNA-based diagnostic assay for lung and colorectal cancer biomarkers,01/06/2016,31/05/2017,"58,075"
15/IFB/3587,SFI Industry Fellowship,Tadhg Kennedy,University of Limerick (UL),Processing Technologies and Novel Materials for Electrochemical Sensor Developments based on Semiconductor Manufacturing and Integration,01/06/2016,31/05/2018,"68,001"
15/IFB/3437,SFI Industry Fellowship,Tony Loughman,"Institute of Technology, Tallaght (ITT)",Development of IVD control materials and assays for infectious disease diagnostic laboratories,01/06/2016,31/12/2016,"69,195"
15/IFB/3507,SFI Industry Fellowship,Alan O'Doherty,University College Dublin (UCD),Translating basic fertility research for clinical application with an emphasis on unexplained male factor infertility,01/06/2016,31/05/2017,"76,912"
15/IFB/3588,SFI Industry Fellowship,Ehtsham Haq,University of Limerick (UL),"Understanding the interplay of surface, interface and process parameters on thin film magnetic materials used in advanced sensors",01/06/2016,31/05/2017,"80,571"
15/IFB/3605,SFI Industry Fellowship,Fionnuala Murphy,University College Dublin (UCD),Consequential life cycle assessment of novel waste plastic-to-fuel systems: maximising energy return with minimal environmental impacts,01/06/2016,31/05/2018,"89,017"
15/IFB/3617,SFI Industry Fellowship,Wanan Sheng,University College Cork (UCC),Development of Numerical Tool for Design Optimisation of OEBuoy Wave Energy Converter,01/06/2016,31/05/2018,"100,812"
15/IFB/3337,SFI Industry Fellowship,Tony Donnelly,Trinity College Dublin (TCD),Pulsed laser micromachining and surface colouring in RFID applications and devices,01/06/2016,31/05/2017,"102,631"
15/IFB/3570,SFI Industry Fellowship,Jason Kilpatrick,University College Dublin (UCD),Electrical and Nanomechanical Diamond Probes for Adama Innovations (ENDPA),01/06/2016,31/05/2017,"109,637"
15/IFB/3584,SFI Industry Fellowship,Xiulong Bao,Dublin Institute of Technology (DIT),Compact Printed Helical Antennas for Multi-Band Satellite Positioning Systems,01/06/2016,31/05/2017,"114,566"
15/IFB/3317,SFI Industry Fellowship,Frank Bello,Trinity College Dublin (TCD),Optical and Thermal Transport of Near Field Transducers for Heat-Assisted Magnetic Recording (HAMR),01/06/2016,31/05/2017,"121,891"
16/ERCS/3787,SFI ERC Support Programme,Lokesh Joshi,"National University of Ireland, Galway (NUIG)","SFI ERC Support Programme- Gary Donohoe, NUI Galway",01/06/2016,31/05/2021,"150,000"
15/JP-HDHL/3279,EU Joint Programming Initiative,Paul O'Toole,University College Cork (UCC),Diet Induced Arrangement of the gut Microbiome for Improvement of Cardiometabolic health (DINAMIC),01/06/2016,31/05/2019,"499,871"
15/RP/2765,SFI Research Professorship Programme,William Wijns,"National University of Ireland, Galway (NUIG)",Reducing adverse cardiovascular events through modulation of event-triggering stressors and plaque modification,01/06/2016,31/05/2021,"4,947,951"
15/RP/2776,SFI Research Professorship Programme,Aljosa (Aljoscha) Smolic,Trinity College Dublin (TCD),V-SENSE - Extending Visual Sensation through Image-Based Visual Computing,01/06/2016,31/05/2021,"6,007,167"
11/SIRG/B2165s,SFI Maternity Allowance,Judith Coppinger,University College Dublin (UCD),Characterisation of Hsp90 trafficking pathways in Cystic Fibrosis,13/05/2016,12/11/2016,"40,995"
16/ERCS/3821,SFI ERC Support Programme,VP Research (UCD),University College Dublin (UCD),SFI ERC Support Programme - Robert B Staszewski (UCD),09/05/2016,08/05/2021,"159,889"
15/US/B3130(N),SFI US Ireland R&D Partnership,Catherine Godson,Health Research Board (HRB),"Integrative genomic, epigenetic and functional studies in diabetic kidney disease",01/05/2016,30/04/2021,"-345,539"
15/COEN/3037,Centres for Excellence in Neurodegeneration (COEN),Cora O'Neill,University College Cork (UCC),Therapeutic targeting of impaired lysosomal flux in Alzheimer's disease,01/05/2016,30/04/2018,"201,112"
15/ERA-CSM/3268,EU Joint Programming Initiative,Jochen Prehn,Royal College of Surgeons in Ireland (RCSI),ERACoSysMed JTC - The impact of hypoxia on inflammation ad tumorigenesis in Ulcerative Colitis (OxyUC),01/05/2016,30/04/2019,"285,000"
15/ERA-CSM/3267,EU Joint Programming Initiative,Cormac Taylor,University College Dublin (UCD),ERACoSysMed JTC - The impact of hypoxia on inflammation ad tumorigenesis in Ulcerative Colitis (OxyUC),01/05/2016,30/04/2019,"295,001"
15/JP-HDHL/3280,EU Joint Programming Initiative,Douwe van Sinderen,University College Cork (UCC),Impact of early life on microbiome development and later health (EarlyMicroHealth),01/05/2016,30/04/2019,"498,272"
15/US/B3130,SFI US Ireland R&D Partnership,Catherine Godson,University College Dublin (UCD),"Integrative genomic, epigenetic and functional studies in diabetic kidney disease",01/05/2016,30/04/2021,"798,292"
15/TIDA/2967s,SFI Maternity Allowance,Robert Forster,Dublin City University (DCU),ConfirMED: A Multifunctional Anti-Counterfeiting and Package Integrity Label,15/04/2016,14/10/2016,"29,146"
15/WT/SEED/3285,SFI-HRB-Wellcome Trust Partnership,Elizabeth Heron,Health Research Board (HRB),"Artificial neural Networks, Genomic Data and Case-Control Classification",02/04/2016,01/04/2018,"21,200"
15/CW/3679,SFI Conference and Workshop,Eugene Kashdan,University College Dublin (UCD),118th European Study Group with Industry,01/04/2016,30/09/2016,"3,600"
16/CW/3784,SFI Conference and Workshop,Lorraine Brennan,University College Dublin (UCD),The Metabolomics Society Conference 2016,01/04/2016,30/09/2016,"14,499"
15/CW/3678,SFI Conference and Workshop,Irene Walsh,Trinity College Dublin (TCD),30th World Congress of the International Association of Logopedics and Phoniatrics (IALP),01/04/2016,30/09/2016,"15,000"
15/CW/3443,SFI Conference and Workshop,Dermot Cox,Royal College of Surgeons in Ireland (RCSI),64th SSC meeting of International Society on Thrombosis & Haemostats,01/04/2016,30/09/2018,"25,000"
15/WT/SEED/3284,SFI-HRB-Wellcome Trust Partnership,Andriy Temko,Health Research Board (HRB),Sound based observation of neonatal brain growth and status,01/04/2016,31/03/2018,"33,609"
DP15/114,SFI Discover,Stephen Rooke,Tile Films,A Rough Guide to the Future,01/04/2016,31/01/2017,"150,000"
14/US/B3116,SFI US Ireland R&D Partnership,Philip Cummins,Dublin City University (DCU),COMP.Ang1: Vascular Normalization and Neuroprotection for Diabetic Retinopathy,01/04/2016,31/03/2020,"442,086"
15/JP-HDHL/3270,EU Joint Programming Initiative,John Cryan,University College Cork (UCC),A Menu for Brain Responses Opposing Stress-Induced Alternations in Cognition (AMBROSIAC),01/04/2016,31/03/2019,"499,493"
15/ERCS/3287,SFI ERC Support Programme,Lokesh Joshi,"National University of Ireland, Galway (NUIG)",SFI ERC Support Programme – Martin O Donnell (NUIG),29/03/2016,28/03/2021,"296,768"
13/IA/1881s,SFI Maternity Allowance,Jochen Prehn,Royal College of Surgeons in Ireland (RCSI),BCL-2 family proteins and cellular bioenergetics in the control of cell survival: Towards novel predictive and prognostic markers for disease progression and therapy responses in colorectal cancer patients?,28/03/2016,27/09/2016,"22,861"
12/RC/2272s6,SFI Maternity Allowance,Louise Kenny,University College Cork (UCC),Irish Centre for Fetal and Neonatal Translational Research (INFANT),28/03/2016,27/09/2016,"32,820"
09/SRC/E1780s,SFI Maternity Allowance,Mark O'Malley,University College Dublin (UCD),SRC SEES: Sustainable Electrical Energy Systems,14/03/2016,13/09/2016,"54,086"
15/CW/3669,SFI Conference and Workshop,Roisin Loughran,University College Dublin (UCD),"Music Technology Workshop 2016 (MusTWork16): Establishing a Partnership Between Music Technology, Business Analytics and Industry in Ireland",01/03/2016,31/08/2016,500
16/CW/3780,SFI Conference and Workshop,Sejong Park,"National University of Ireland, Galway (NUIG)",Groups in Galway 2016,01/03/2016,31/08/2016,"3,350"
15/CW/3657,SFI Conference and Workshop,Kevin Burke,University of Limerick (UL),36th Conference on Applied Statistics in Ireland,01/03/2016,31/08/2016,"5,450"
12/RC/2278s4,SFI Maternity Allowance,Michael Morris,Trinity College Dublin (TCD),Advanced Materials and BioEngineering Research Centre (AMBER),01/03/2016,31/05/2016,"18,326"
14/US/I3110,SFI US Ireland R&D Partnership,Luiz DaSilva,Trinity College Dublin (TCD),Enabling Cellular Network to Exploit Millimeter-wave Opportunities (NEMOs),01/03/2016,28/02/2019,"448,542"
15/WT/IA/3286,SFI-HRB-Wellcome Trust Partnership,Luke O'Neill,Health Research Board (HRB),Metabolic reprogramming in innate immunity,01/03/2016,28/02/2021,"560,651"
15/CW/3249,SFI Conference and Workshop,Patrick Harrison,University College Cork (UCC),Cystinosis Research Workshop,01/02/2016,31/07/2016,"3,000"
15/CW/3548,SFI Conference and Workshop,Kevin Mitchell,Trinity College Dublin (TCD),Synaesthesia and Cross-modal Perception. An international conference in conjunction with the UK Synaesthesia Association,01/02/2016,31/07/2016,"3,414"
15/CW/3340,SFI Conference and Workshop,Thomas Cotter,University College Cork (UCC),Cell Death and its Translational Ramifications,01/02/2016,30/09/2016,"14,696"
16/CWB/3281,SFI Conference and Workshop,Fergus Shanahan,University College Cork (UCC),Microbiome-based Foods for Health and Sustainability,01/02/2016,31/05/2016,"35,474"
15/CW/3565,SFI Conference and Workshop,Andrew Bowie,Trinity College Dublin (TCD),Keystone Symposia Conference on Myeloid Cells,01/02/2016,31/07/2016,"36,976"
15/IFA/3009,SFI Industry Fellowship,Oonagh Giggins,University College Dublin (UCD),Evaluating The Use Of Smart Sensors In Clinical Research,01/02/2016,31/01/2017,"63,868"
15/IFA/3051,SFI Industry Fellowship,Grainne O'Keeffe,"National University of Ireland, Maynooth (NUIM)",Development of an Aspergillus niger strain for industrial heterologous protein expression.,01/02/2016,31/01/2017,"75,959"
15/IFA/2925,SFI Industry Fellowship,Andrea Degasperi,University College Dublin (UCD),Integrating Heterogeneous Cell Profile Data to Improve Predictive Models of Drug Target Deconvolution in Phenotypic Screening,01/02/2016,31/01/2017,"106,214"
15/FELLOWSHIP/1024,SFI Fellowship Programme,Ollie Daniels,"National University of Ireland, Galway (NUIG)",SFI Fellowship,01/02/2016,31/01/2018,"181,007"
15/SP/3091,SFI Spokes Programme,Geraldine Boylan,University College Cork (UCC),ENRICH: Baby Enrichment Research Programme,01/02/2016,31/07/2018,"648,285"
12/RC/2289s7,SFI Maternity Allowance,Ollie Daniels,"National University of Ireland, Galway (NUIG)",INSIGHT - Irelands Big Data and Analytics Research Centre,16/01/2016,15/06/2016,"25,522"
15/IFA/3037,SFI Industry Fellowship,Dezhong Zhou,University College Dublin (UCD),Bio-reducible highly branched poly(β-amino ester)-cell penetrating peptide (CPP) conjugate as a new generation of non-viral gene transfection reagent,12/01/2016,11/01/2017,"90,573"
12/RC/2289s8,SFI Maternity Allowance,Ollie Daniels,"National University of Ireland, Galway (NUIG)",INSIGHT - Irelands Big Data and Analytics Research Centre,11/01/2016,10/07/2016,"49,923"
12/RC/2289s6,SFI Maternity Allowance,Ollie Daniels,"National University of Ireland, Galway (NUIG)",INSIGHT - Irelands Big Data and Analytics Research Centre,04/01/2016,03/07/2016,"24,061"
DP15 / 007,SFI Discover,Adegboyega Ojo,"National University of Ireland, Galway (NUIG)",Apps4Gaps,01/01/2016,31/12/2016,"3,500"
15/CW/3320,SFI Conference and Workshop,Xinmin Zhan,"National University of Ireland, Galway (NUIG)",International Conference on Recent Advances in Pollution Control and Resource Recovery for the Livestock Sector (LivestockWaste2016),01/01/2016,31/07/2016,"4,870"
15/CW/3309,SFI Conference and Workshop,Cathal Gurrin,Dublin City University (DCU),MB2016 (Measuring Behaviour),01/01/2016,30/06/2016,"10,000"
DP15 / 037,SFI Discover,Jessamyn Fairfield,Trinity College Dublin (TCD),Bright Club,01/01/2016,31/12/2016,"10,500"
DP15 / 064,SFI Discover,Susan Schreibman,"National University of Ireland, Maynooth (NUIM)",Letters of 1916: Community Engagement,01/01/2016,31/12/2016,"11,900"
DP15 / 018,SFI Discover,Aoibhinn Ni Shuilleabhain,University College Dublin (UCD),Maths Sparks: Problem Solving Workshops,01/01/2016,31/12/2016,"12,635"
DP15 / 003,SFI Discover,Sibel Erduran,University of Limerick (UL),"Step into Science: Engaging Students, Teachers and Parents in Debates",01/01/2016,31/12/2016,"15,000"
DP15 / 044,SFI Discover,Fiona Kearney,University College Cork (UCC),"Gut Instinct: Art, food and feeling",01/01/2016,31/03/2017,"15,000"
DP15 / 048,SFI Discover,Jennifer Moroney-Ward,Learning Hub Limerick Ltd,Science Hub at Learning Hub Limerick,01/01/2016,31/12/2016,"15,000"
15/TIDA/2964,SFI Technology and Innovation Development Award (TIDA),Alessandro Checco,Trinity College Dublin (TCD),BLC: automatic group learning recommender system,01/01/2016,31/03/2016,"15,289"
DP15 / 062,SFI Discover,Aoibheann Bird,"National University of Ireland, Galway (NUIG)",Thesis in 3,01/01/2016,31/12/2016,"15,850"
DP15 / 010,SFI Discover,Nigel Flegg,The National Concert Hall,Music and Science: Quadratics to Quavers,01/01/2016,31/12/2016,"23,300"
DP15 / 034,SFI Discover,Noirin Burke,Galway Atlantaquaria,Engaging the public and students with Ireland's Renewable Ocean Energy.,01/01/2016,31/12/2016,"24,000"
DP15 / 068,SFI Discover,Jenny Beale,Brigit's Garden,Nature's Power 2: Energy and Environment Education for STEM,01/01/2016,31/12/2016,"24,000"
DP15 / 074,SFI Discover,Gillian Keating,iWish STEM,I Wish (Inspiring Women in Stem),01/01/2016,31/03/2016,"25,000"
DP15 / 087,SFI Discover,Mervyn Horgan,Lifetime Lab,Exploristica' Adventures in Statistics,01/01/2016,31/12/2016,"25,000"
DP15 / 013,SFI Discover,Mary Colclough,Trinity College Dublin (TCD),Science LIVE! - virtual tours of Irish science centres,01/01/2016,31/12/2016,"29,056"
DP15 / 107,SFI Discover,Dominic McEvoy,Kildare Education Centre,The Algebra Project in Ireland,01/01/2016,31/12/2016,"30,000"
DP15/032,SFI Discover,Alan Gillespie,Screentime Shinawil Limited,Peak Performance,01/01/2016,31/12/2016,"30,000"
DP15 / 024,SFI Discover,Eilish McLoughlin,Dublin City University (DCU),Physics Busking,01/01/2016,31/12/2016,"31,642"
DP15 / 105,SFI Discover,Edelle Moss,Feilte Dhuibh Linne Teoranta t/a St Patrick’s Day Festival,SFI Discover Zone at The Festival Big Day Out,01/01/2016,30/04/2016,"33,367"
DP15 / 096,SFI Discover,Kate Morris,Irish Universities Association (IUA),Campus Engage Participate Programme - Building STEM capacity in Community-based Learning,01/01/2016,31/12/2016,"33,998"
DP15 / 081,SFI Discover,Shane McCracken,Gallomanor Communications,"I'm a Scientist/Engineer, Get me out of here!",01/01/2016,31/12/2016,"34,000"
DP15 / 058,SFI Discover,Alf Desire,British Council Ireland,Famelab Ireland 2016,01/01/2016,31/12/2016,"35,850"
DP15 / 078,SFI Discover,Karen McCarthy,Tyndall National Institute (TNI),The Dissection of Instrumentation- Interactions between Art and Science,01/01/2016,31/12/2016,"37,650"
DP15 / 111,SFI Discover,Suzanne Little,"National University of Ireland, Galway (NUIG)",Girl Hack Ireland,01/01/2016,31/12/2016,"43,300"
DP15 / 095,SFI Discover,Marc McCarthy,University College Cork (UCC),The Microbiome and Me,01/01/2016,30/06/2017,"43,500"
DP15 / 009,SFI Discover,Valerie Cowman,The Cork Electronics Industry Association (CEIA),Steering Youth to STEM (SYSTEM),01/01/2016,31/12/2016,"48,557"
DP15 / 026,SFI Discover,Mervyn Horgan,Lifetime Lab,VEX IQ Junior Robotics Programme,01/01/2016,31/12/2016,"50,000"
DP15 / 041,SFI Discover,Claire Mulhall,Royal Dublin Society (RDS),RDS Primary Science Fair Regionalisation,01/01/2016,30/09/2016,"50,000"
DP15 / 060,SFI Discover,Tomas Ward,"National University of Ireland, Maynooth (NUIM)",Dublin Maker 2016,01/01/2016,31/12/2016,"50,000"
DP15 / 102,SFI Discover,Lynn Scarff,Trinity College Dublin (TCD),Going Deeper' at Science Gallery Dublin,01/01/2016,31/12/2016,"50,000"
DP15 / 104,SFI Discover,Hannah Spry,Royal Society of Chemistry,Expansion of Spectroscopy in a Suitcase(SIAS) and CPD in Ireland,01/01/2016,31/12/2016,"50,000"
DP15 / 106,SFI Discover,Daniel Vincent McCarthy,The Festival of Curiosity Ltd,The Curiosity Studio,01/01/2016,31/12/2016,"50,000"
DP15 / 116,SFI Discover,Sheila Donegan,Waterford Institute of Technology (WIT),CALMAST STEM Outreach Hub for Southeast of Ireland,01/01/2016,31/12/2016,"50,000"
15/TIDA/2822(X),SFI Technology and Innovation Development Award (TIDA),Roger Preston,Trinity College Dublin (TCD),A novel neuroprotective agent for enhanced treatment of ischemic stroke,01/01/2016,31/08/2016,"52,347"
15/CW/3492,SFI Conference and Workshop,Eimear Gallagher,Teagasc,18th IUFoST World Congress of Food Science and Technology,01/01/2016,31/12/2016,"55,000"
15/IFA/3053,SFI Industry Fellowship,Garry Duffy,Royal College of Surgeons in Ireland (RCSI),Specialised Medical Devices for Biomaterial Based Therapeutic Delivery to the Abdomen,01/01/2016,30/09/2016,"73,694"
15/IFA/3003,SFI Industry Fellowship,Fiona O'Neill,Dublin City University (DCU),Patient derived immunotherapies for cancer,01/01/2016,31/12/2017,"78,617"
DP15 / 094,SFI Discover,Lisa McKittrick,Junior Achievement Ire Ltd,Futurewize,01/01/2016,31/12/2016,"80,000"
15/IFA/2867,SFI Industry Fellowship,James Devaney,"National University of Ireland, Galway (NUIG)",Assessment of a nebulised cell based therapy product for Acute Respiratory Distress Syndrome,01/01/2016,31/12/2016,"81,223"
15/TIDA/2954,SFI Technology and Innovation Development Award (TIDA),Daniela Iacopino,Tyndall National Institute (TNI),Development of Supercapacitors with High Surface Area Porous Self-assembled Electrodes for Marine Renewable Energy Extraction,01/01/2016,31/12/2016,"87,577"
15/TIDA/2887,SFI Technology and Innovation Development Award (TIDA),Peter Ó Conghaile,"National University of Ireland, Galway (NUIG)",Development of a Novel Self-Contained Glucose Monitoring Sensor Using Pulsed Power,01/01/2016,30/09/2016,"87,760"
15/TIDA/2939,SFI Technology and Innovation Development Award (TIDA),Kenneth A. Dawson,University College Dublin (UCD),Upscaled production of engineered bio molecular coronas for targeted delivery,01/01/2016,31/03/2017,"90,021"
15/RI/3231,SFI Research Infrastructure Programme,Madeleine Lowery,University College Dublin (UCD),Human Performance Monitoring Suite,01/01/2016,28/02/2017,"91,162"
15/TIDA/2950,SFI Technology and Innovation Development Award (TIDA),Eoghan O'Neill,Royal College of Surgeons in Ireland (RCSI),Novel treatment of staphylococcal device related infections,01/01/2016,31/03/2017,"95,570"
DP15 / 030,SFI Discover,Declan Gibbons,Galway Film Resource Centre Ltd T/A Film Resource Centre,Science on Screen - Galway,01/01/2016,31/12/2016,"100,000"
12/IP/1731(T),SFI Investigator Programme,Dermot Brougham,University College Dublin (UCD),Long-circulating Magnetic Nanoparticles for Biomedical Applications through Mimetic Surface Chemistry,01/01/2016,28/02/2017,"100,167"
15/IFA/3006,SFI Industry Fellowship,Sara Armstrong,University College Cork (UCC),Grid Connection Solutions for Renewable Energy Farms,01/01/2016,31/01/2018,"100,182"
15/TIDA/2883,SFI Technology and Innovation Development Award (TIDA),Fiona Lyng,Dublin Institute of Technology (DIT),RAD-TOX: An assay to predict risk of radiation toxicity in cancer patients before selection of treatment modality,01/01/2016,31/12/2016,"108,222"
15/TIDA/2879,SFI Technology and Innovation Development Award (TIDA),Valeria Nicolosi,Trinity College Dublin (TCD),Development of Inkjet Printed Microbatteries Based on 2D Nanomaterials,01/01/2016,31/12/2016,"108,550"
15/TIDA/2938,SFI Technology and Innovation Development Award (TIDA),Charles Spillane,"National University of Ireland, Galway (NUIG)",3D Bio-Printing for Bio-Batteries,01/01/2016,31/03/2017,"109,831"
15/TIDA/2922,SFI Technology and Innovation Development Award (TIDA),Fiona Newell,Trinity College Dublin (TCD),CityQuest: a serious game to enhance cognition and improve balance control,01/01/2016,31/03/2017,"114,054"
15/IFA/3039,SFI Industry Fellowship,Laura Barkley,"National University of Ireland, Galway (NUIG)",Development of Syndecan-2 based therapeutics for the treatment of breast cancer.,01/01/2016,31/12/2016,"114,438"
15/TIDA/2893,SFI Technology and Innovation Development Award (TIDA),Colm O'Dwyer,University College Cork (UCC),Advanced Battery Materials for High Volumetric Energy Density Li-ion Batteries for Remote Off-Grid Power,01/01/2016,30/06/2017,"115,016"
15/TIDA/2927,SFI Technology and Innovation Development Award (TIDA),Lokesh Joshi,"National University of Ireland, Galway (NUIG)",Rapid Sialic Acid test for improved in-process monitoring and quality control of recombinant biopharmaceuticals,01/01/2016,30/06/2017,"117,560"
15/TIDA/2814,SFI Technology and Innovation Development Award (TIDA),Anthony McCoy,Dublin City University (DCU),Processes development for atomic layer deposited (ALD) barrier layers for interconnect technologies.,01/01/2016,30/06/2016,"118,051"
15/IFA/3057,SFI Industry Fellowship,Marco Monopoli,Royal College of Surgeons in Ireland (RCSI),Impact of Glycans at the BioNano Interface,01/01/2016,31/12/2016,"119,630"
15/TIDA/2825,SFI Technology and Innovation Development Award (TIDA),Stephen Keely,Royal College of Surgeons in Ireland (RCSI),Optimisation of Novel Farnesoid X Receptor Agonists – A New Class of Anti-diarrhoeal Drug to Underpin and Add Value to an Enabling Patent,01/01/2016,30/04/2017,"119,937"
DP15 / 112,SFI Discover,Eoin Gill,Waterford Institute of Technology (WIT),Maths Week Ireland,01/01/2016,31/12/2017,"120,000"
15/TIDA/2874,SFI Technology and Innovation Development Award (TIDA),Guillaume Huyet,Cork Institute of Technology (CIT),Multi-Section Swept Source Lasers for OCT Applications,01/01/2016,31/12/2016,"120,099"
15/TIDA/2957,SFI Technology and Innovation Development Award (TIDA),Andreas Heise,Royal College of Surgeons in Ireland (RCSI),Polypeptide Nanoparticles as Carriers for Active Ingredients (PepCap),01/01/2016,31/05/2017,"120,295"
15/TIDA/2816,SFI Technology and Innovation Development Award (TIDA),Fiona Doohan,University College Dublin (UCD),Determining the field potential of endophyte formulations to improve barley productivity,01/01/2016,30/04/2017,"122,926"
15/TIDA/2930,SFI Technology and Innovation Development Award (TIDA),Sandra O'Neill,Dublin City University (DCU),Novel anti-inflammatory therapies,01/01/2016,31/12/2016,"123,773"
15/TIDA/2994,SFI Technology and Innovation Development Award (TIDA),Kevin M Ryan,University of Limerick (UL),Nanorod Assembly for Photonic Integrated Circuit Applications: Development of a Semiconductor Processing Tool for Low Cost Wafer Integrated Plasmonic Lasers,01/01/2016,31/12/2016,"123,977"
15/TIDA/2846,SFI Technology and Innovation Development Award (TIDA),Padraig Cantillon Murphy,University College Cork (UCC),Early detection of lung cancer through novel endoscopic technology,01/01/2016,31/07/2017,"124,155"
15/TIDA/2848,SFI Technology and Innovation Development Award (TIDA),Rocco Lupoi,Trinity College Dublin (TCD),Enhanced boiling heat transfer technology using Cold Spray additive manufacturing,01/01/2016,31/12/2016,"124,709"
15/TIDA/2856,SFI Technology and Innovation Development Award (TIDA),Ewen Mullins,Teagasc,"Evaluating the potential of EMT, a novel gene transfer technology, to overcome the industrial challenge of genotype dependency, which limits the engineering of multiple varieties of important crop species",01/01/2016,31/05/2017,"124,764"
15/TIDA/2952,SFI Technology and Innovation Development Award (TIDA),Sylvia Draper,Trinity College Dublin (TCD),New materials as Photosensitisers in Adhesive Technologies,01/01/2016,31/12/2016,"125,518"
15/TIDA/2962,SFI Technology and Innovation Development Award (TIDA),Jennifer McManus,"National University of Ireland, Maynooth (NUIM)",Bio-Gel Scaffolds for 3D Cell Culture,01/01/2016,30/09/2017,"126,916"
15/TIDA/2945,SFI Technology and Innovation Development Award (TIDA),Dermot Brougham,University College Dublin (UCD),NANO-PREDICT: MRI trackable predictors of liposome biodistribution for preclinical research and cancer staging,01/01/2016,31/12/2017,"127,091"
15/TIDA/2977,SFI Technology and Innovation Development Award (TIDA),Fergal O'Gara,University College Cork (UCC),Pre-clinical testing of novel fungal biofilm blockers for the medical device sector.,01/01/2016,30/06/2017,"127,833"
15/TIDA/2823,SFI Technology and Innovation Development Award (TIDA),Igor Shvets,Trinity College Dublin (TCD),Bringing Condition-Based Monitoring to the Mass Market using Low-Cost Sensors and Intelligent Analytics,01/01/2016,30/04/2017,"128,347"
15/TIDA/2845,SFI Technology and Innovation Development Award (TIDA),Fionnuala Ní Áinle,University College Dublin (UCD),Optimization of low molecular weight heparin (LMWH) endothelial protective properties: towards novel prevention strategies in cancer metastasis,01/01/2016,31/03/2017,"128,609"
15/TIDA/2920,SFI Technology and Innovation Development Award (TIDA),Sarah Doyle,Trinity College Dublin (TCD),Targeting IL-18 Binding Protein as a novel therapy for the treatment of Age-related Macular Degeneration.,01/01/2016,30/06/2017,"128,956"
15/TIDA/2900,SFI Technology and Innovation Development Award (TIDA),Eugene OBrien,University College Dublin (UCD),Additive Manufactured Internally Porous Struts (IP-STRUTS),01/01/2016,31/05/2018,"129,005"
15/TIDA/2967,SFI Technology and Innovation Development Award (TIDA),Robert Forster,Dublin City University (DCU),ConfirMED: A Multifunctional Anti-Counterfeiting and Package Integrity Label,01/01/2016,31/03/2017,"129,177"
15/TIDA/2992,SFI Technology and Innovation Development Award (TIDA),Manus Biggs,"National University of Ireland, Galway (NUIG)",Biomimetic electrically conducting polymer scaffolds as novel neuromodulatory neuroelectrodes for the treatment of chronic pain,01/01/2016,31/12/2016,"129,347"
15/TIDA/2895,SFI Technology and Innovation Development Award (TIDA),Tia Keyes,Dublin City University (DCU),Organelle targeted sensing of metal ions and reactive oxygen species.,01/01/2016,31/05/2017,"129,473"
15/TIDA/2946,SFI Technology and Innovation Development Award (TIDA),Kingston Mills,Trinity College Dublin (TCD),Discovery of small molecule inhibitors of IL-17RA as therapeutics for autoimmune diseases,01/01/2016,31/12/2016,"129,562"
15/TIDA/2963,SFI Technology and Innovation Development Award (TIDA),Annette Byrne,Royal College of Surgeons in Ireland (RCSI),Improving the Efficacy of Bevacizumab (Avastin) in Glioblastoma through the Development of a Novel Anti-Invasion Nanotherapeutic,01/01/2016,30/06/2017,"129,647"
15/TIDA/2969,SFI Technology and Innovation Development Award (TIDA),Udo Greiser,University College Dublin (UCD),Targeted Drug Delivery of Disulfiram Polymer Micelles to Cancer Cells,01/01/2016,31/12/2016,"129,797"
15/TIDA/2972,SFI Technology and Innovation Development Award (TIDA),Aleksandar Jaksic,Tyndall National Institute (TNI),The world's first high-k Radiation Sensing Field Effect Transistor,01/01/2016,30/06/2017,"129,797"
15/TIDA/2918,SFI Technology and Innovation Development Award (TIDA),Aisling Dunne,Trinity College Dublin (TCD),Validation of lipoproteins/lipopeptides as adjuvants and antigens for a new pertussis vaccine,01/01/2016,31/12/2016,"130,000"
DP15 / 091,SFI Discover,Orla Feely,University College Dublin (UCD),The Scientist's Apprentice - Irish Independent Book Series November 2016,01/01/2016,31/12/2016,"143,204"
DP15 / 051,SFI Discover,Sheila Porter,Scifest Limited,SciFest,01/01/2016,31/12/2017,"200,000"
DP15 / 084,SFI Discover,Niall Smith (VPR),Cosmos Education Ltd T/A Blackrock Castle Observatory,Driving STEM Learning and Awareness using Space as the Theme,01/01/2016,31/12/2017,"200,000"
DP15 / 110,SFI Discover,Daniel Vincent McCarthy,The Festival of Curiosity Ltd,The Festival of Curiosity 2016 and 2017,01/01/2016,31/12/2017,"200,000"
DP15 / 015,SFI Discover,Vincent Wade,Trinity College Dublin (TCD),The Problem-Solving Initiative (PSI),01/01/2016,31/12/2017,"220,000"
15/RI/3230,SFI Research Infrastructure Programme,Kieran Moran,Dublin City University (DCU),Indoors and Outdoors Motion Analysis System,01/01/2016,31/12/2016,"223,910"
15/RI/3215,SFI Research Infrastructure Programme,Stephen Gordon,University College Dublin (UCD),High throughput transcriptomics for animal disease and zoonoses,01/01/2016,31/12/2016,"239,850"
15/RI/3228,SFI Research Infrastructure Programme,Paul Cotter,Teagasc,NextSeq DNA sequencing platform,01/01/2016,31/12/2016,"242,675"
15/ERCS/3261,SFI ERC Support Programme,VP Research (UCD),University College Dublin (UCD),SFI ERC Support Programme – Madeleine Lowery (University College Dublin),01/01/2016,31/12/2020,"245,130"
15/ERCS/3260,SFI ERC Support Programme,VP Research (UCD),University College Dublin (UCD),SFI ERC Support Programme – Lorraine Brennan (University College Dublin),01/01/2016,31/12/2020,"248,993"
15/ERCS/3267,SFI ERC Support Programme,Dean of Research (TCD),Trinity College Dublin (TCD),SFI ERC Support Programme – Redmond O'Connell (Trinity),01/01/2016,31/12/2020,"276,531"
15/ERCS/3268,SFI ERC Support Programme,Dean of Research (TCD),Trinity College Dublin (TCD),SFI ERC Support Programme – Sarah McCormack (Trinity),01/01/2016,31/12/2020,"291,692"
15/ERCS/3276,SFI ERC Support Programme,Lokesh Joshi,"National University of Ireland, Galway (NUIG)",BIOELECPRO: Frontier Research on the Dielectric Properties of Biological Tissue,01/01/2016,31/12/2020,"297,075"
15/ERCS/3269,SFI ERC Support Programme,Dean of Research (TCD),Trinity College Dublin (TCD),SFI ERC Support Programme – Mark Ahearne (Trinity),01/01/2016,31/12/2020,"299,747"
15/ERCS/3271,SFI ERC Support Programme,Dean of Research (TCD),Trinity College Dublin (TCD),SFI ERC Support Programme – Daniel Kelly (Trinity),01/01/2016,31/12/2020,"300,000"
15/ERCS/3272,SFI ERC Support Programme,Dean of Research (TCD),Trinity College Dublin (TCD),SFI ERC Support Programme – Wolfgang Schmitt (Trinity),01/01/2016,31/12/2020,"300,000"
15/ERCS/3273,SFI ERC Support Programme,Dean of Research (TCD),Trinity College Dublin (TCD),SFI ERC Support Programme – Triona Lally (Trinity),01/01/2016,31/12/2020,"300,000"
15/RI/3238,SFI Research Infrastructure Programme,Louise Kenny,University College Cork (UCC),INFANT Biobank,01/01/2016,31/12/2017,"355,171"
DP15 / 075,SFI Discover,Sylvia Leatham,The Institution of Engineers of Ireland,Engineers Ireland STEPS programme 2016 & 2017: Engineering Futures,01/01/2016,31/12/2017,"420,000"
14/RS-URF/3219,Royal Society – Science Foundation Ireland University Research Fellowship,Jonathan Mackey,The Royal Society - Grant,Massive Stars in the Interstellar Medium,01/01/2016,31/12/2020,"497,162"
15/BIAP/3194,SFI Strategic Partnership Programme,Martin Steinhoff,University College Dublin (UCD),Development of an antibody therapeutic for the treatment of neuropathic pain and chronic pruritus (itch),01/01/2016,31/12/2018,"509,761"
15/BIAP/3185,SFI Strategic Partnership Programme,Leonie Young,Royal College of Surgeons in Ireland (RCSI),Development of a novel biotherapeutic for the treatment of ER-positive primary and metastatic breast cancer,01/01/2016,31/12/2018,"514,150"
15/BIAP/3181,SFI Strategic Partnership Programme,Anne Moore,University College Cork (UCC),A novel antibody approach to enhance T-cell activation for cancer therapy,01/01/2016,31/12/2018,"520,000"
15/RI/3225,SFI Research Infrastructure Programme,Ronan Farrell,"National University of Ireland, Maynooth (NUIM)",RadioSpace: An experimental Radio Testbed for 5G and the Internet of Things,01/01/2016,30/09/2017,"538,808"
15/US-C2C/I3133,SFI US Ireland R&D Partnership,Kieran Hodnett,University of Limerick (UL),Partnership in continuous manufacturing for nano-based drug products,01/01/2016,31/12/2019,"548,550"
14/RS-URF/3218,Royal Society – Science Foundation Ireland University Research Fellowship,Pauline Scanlan,The Royal Society - Grant,Bacteria-bacteriophage antagonistic coevolution in the gut,01/01/2016,31/12/2020,"550,562"
15/RI/3227,SFI Research Infrastructure Programme,Balz Kamber,Trinity College Dublin (TCD),Geosciences Electron Beam Mineral Analyser - GeoRise,01/01/2016,31/12/2016,"636,161"
15/RI/3226,SFI Research Infrastructure Programme,Peter O'Brien,Tyndall National Institute (TNI),High Accuracy Photonic Device Flipchip Packaging and Assembly System,01/01/2016,31/12/2016,"741,700"
15/RI/3221,SFI Research Infrastructure Programme,Anita Maguire,University College Cork (UCC),"Process Flow Spectroscopy (ProSpect); Advanced Reaction Understanding using Flow Nuclear Magnetic Resonance (NMR) and Infrared (IR) Spectroscopies, with On-Line Ultra-Performance Liquid Chromatography (UPLC) and Mass Spectrometry (MS)",01/01/2016,30/06/2017,"1,041,394"
15/SPP/3244,SFI Strategic Partnership Programme,Orla Hardiman,Trinity College Dublin (TCD),"Project MinE Ireland: sequencing and analysis of 1,050 Irish genomes to identify the causes of amyotrophic lateral sclerosis",01/01/2016,31/12/2018,"1,045,962"
15/RI/3209,SFI Research Infrastructure Programme,John Wenger,University College Cork (UCC),Irish Atmospheric Simulation Chamber (IASC) Facility,01/01/2016,31/12/2017,"1,067,431"
15/RI/3207,SFI Research Infrastructure Programme,Jennifer McElwain,University College Dublin (UCD),Integrated Plant Phenomics & Future Experimental Climate Platform,01/01/2016,31/12/2017,"1,308,255"
15/RI/3204,SFI Research Infrastructure Programme,Peter Gallagher,Trinity College Dublin (TCD),Connecting Ireland to the International Low Frequency Array (LOFAR),01/01/2016,30/06/2017,"1,397,348"
15/RI/3222,SFI Research Infrastructure Programme,Paul Townsend,Tyndall National Institute (TNI),400 Gigabit-per-second and Beyond Advanced Modulation Coherent Communications Testbed,01/01/2016,31/03/2017,"1,454,865"
15/RI/3239,SFI Research Infrastructure Programme,Geraldine Boylan,University College Cork (UCC),INFANT Discovery Platform,01/01/2016,31/12/2017,"1,548,236"
13/IA/1840(T),SFI Investigator Programme,Andreas Heise,Royal College of Surgeons in Ireland (RCSI),Functional polymers for (nano)medical devices,01/01/2016,30/06/2019,"1,662,928"
15/RI/3219,SFI Research Infrastructure Programme,Linda Doyle,Trinity College Dublin (TCD),"Pervasive Nation – a unique, extensible, National scale, Open IoT (internet of Things) highly distributed Testbed platform for IoT Research, Research integration, Experimentation and Technology Readiness Level improvement .",01/01/2016,30/11/2017,"1,811,778"
15/RI/3232,SFI Research Infrastructure Programme,Daniel J F Toal,University of Limerick (UL),"MRE ROV for Challenging (Wave, Tidal, Wind) Conditions",01/01/2016,31/12/2016,"1,955,742"
15/RI/3202,SFI Research Infrastructure Programme,Jimmy Murphy,University College Cork (UCC),Towards ESFRI - Open Ocean Emulator for Grid Integrated next generation Marine Renewable Energy systems @ LIR National Ocean Test Facility,01/01/2016,31/12/2017,"2,230,860"
15/RI/3220,SFI Research Infrastructure Programme,Kieran Hodnett,University of Limerick (UL),Crystallisation Isolation and Drying Technology Test Bed (CIDT2),01/01/2016,30/06/2017,"2,466,420"
15/RI/3234,SFI Research Infrastructure Programme,Christopher Bean,Dublin Institute for Advanced Studies (DIAS),Insitu Marine Laboratory for Geosystems Research (iMARL).,01/01/2016,31/12/2016,"2,856,176"
15/RI/3218,SFI Research Infrastructure Programme,Plamen Stamenov,Trinity College Dublin (TCD),Trifolium Dubium – A Flexible Deposition Tool for Complex Thin-film Stacks of Metallic and Dielectric Materials,01/01/2016,31/12/2016,"3,240,000"
15/RI/3217,SFI Research Infrastructure Programme,Stefano Sanvito,Trinity College Dublin (TCD),Additive Manufacturing Nano-Materials Facility (3DAMN),01/01/2016,31/05/2017,"3,336,623"